drop database if exists companydb4;
create database companydb4;

use companydb4;

create table department(
    departmentId integer not null primary key,
    departmentName varchar(20) not null,
    departmentFloor varchar(15) not null
);

create table employee(
    employeeId integer not null primary key,
    firstname varchar(20) not null,
    lastname varchar(30) not null,
    salary decimal(6,2) not null
);

create table employeePosition(
    positionId integer not null primary key,
    positionName varchar(30) not null,
    positionDescription varchar(100)
);

create table employeeOfDepartment(
    departmentId integer not null,
    employeeId integer not null,
    positionId integer not null,
    primary key(departmentId,employeeId,positionId),
    foreign key(departmentId) references department(departmentId),
    foreign key(employeeId) references employee(employeeId),
    foreign key(positionId) references employeePosition(positionId)
);

insert into department values(1,'ict', 'basement');
insert into department values(2, 'admin','top floor');
insert into department values(3,'secr','bunker');
insert into department values(4, 'maintenance','workshop');
insert into department values(5,'transportation','carage');

insert into employee values(1,'Mary','River',3000);
insert into employee values(2, 'Matt','River',4000);
insert into employee values(3, 'Amanda','Smith',7000);
insert into employee values(4, 'Joe', 'Doe',9000);
insert into employee values(5,'Vera','Jones',4000);
insert into employee values(6, 'Peter', 'Bond',6500);
insert into employee values(7, 'Layla','Driver',5000);

insert into employeePosition values(1,'worker',null);
insert into employeePosition values(2,'leader','Head of the department');

insert into employeeOfDepartment values(1,1,1);
insert into employeeOfDepartment values(1,2,1);
insert into employeeOfDepartment values(2,5,1);
insert into employeeOfDepartment values(3,6,1);
insert into employeeOfDepartment values(5,7,1);
insert into employeeOfDepartment values(1,3,2);
insert into employeeOfDepartment values(2,3,2);
insert into employeeOfDepartment values(5,3,2);
insert into employeeOfDepartment values(3,4,2);
insert into employeeOfDepartment values(4,4,2);

-- drop user if exists 'bigboss'@'localhost';
create user if not exists 'bigboss'@'localhost' identified by 'secret';

grant all privileges on companydb4.* to 'bigboss'@'localhost';

